<?xml version="1.0" encoding="UTF-8"?>
<launch4jConfig>
  <dontWrapJar>false</dontWrapJar>
  <headerType>gui</headerType>
  <jar>Z:\home\ramazanenescik04\eclipse-workspace\DikenEngine\DikenEngine\DikenEngine-Bin\libs\engineLib.jar</jar>
  <outfile>Z:\home\ramazanenescik04\eclipse-workspace\DikenEngine\DikenEngine\DikenEngine-Bin\DikenEngine.exe</outfile>
  <errTitle>Java 11 Yüklü Değil!</errTitle>
  <cmdLine></cmdLine>
  <chdir>.</chdir>
  <priority>normal</priority>
  <downloadUrl>https://adoptium.net/temurin/releases/</downloadUrl>
  <supportUrl>https://adoptium.net/support/</supportUrl>
  <stayAlive>false</stayAlive>
  <restartOnCrash>false</restartOnCrash>
  <manifest></manifest>
  <icon></icon>
  <classPath>
    <mainClass>me.ramazanenescik04.diken.DikenEngine</mainClass>
    <cp>.</cp>
    <cp>libs/lwjgl.jar</cp>
    <cp>libs/lwjgl_util.jar</cp>
    <cp>libs/jinput.jar</cp>
    <cp>libs/jna-5.12.1.jar</cp>
    <cp>libs/commons-lang3-3.17.0.jar</cp>
    <cp>libs/ReportBugs.jar</cp>
  </classPath>
  <jre>
    <path>%JAVA_HOME%;%PATH%</path>
    <requiresJdk>false</requiresJdk>
    <requires64Bit>false</requires64Bit>
    <minVersion>11</minVersion>
    <maxVersion></maxVersion>
    <opt>-Dfile.encoding=UTF-8</opt>
  </jre>
</launch4jConfig>